CLUE,ANS,POS,FOUND IN
Three feet ,yard,1,Yard (since one yard is equal to three feet)
Printer's medium ,ink,5,Medium for ink transfer
Row with two oars,scull,2,Sculler
Secretly follow ,tail,6,Incognito tailing
Begin ,commence,13,Commencement
Furthest inward ,inmost,5,Inmost point
Hand tool,spanner,11,Adjustable spanner (spanner)
Honey producer ,bee,1,Beekeeper
Legal order ,writ,3,Writ of mandamus
SOS! ,help,10,Cry for help
Layer ,tier,2,"**Word Search Puzzle** - Incorporate multiple layers of meaning by hiding words related to ""layer"" in a grid (e.g., sedimentary, multi-tiered, stratified)"
